{
  "CBA.AX": {
    "latest": 176.35,
    "mean": 134.758109375,
    "min": 95.69,
    "max": 191.4,
    "sd": 27.79150795788721
  },
  "NAB.AX": {
    "latest": 44.53,
    "mean": 34.725671875,
    "min": 25.16,
    "max": 44.67,
    "sd": 5.01371076504364
  },
  "WBC.AX": {
    "latest": 40.21,
    "mean": 28.4864375,
    "min": 20.03,
    "max": 40.42,
    "sd": 5.593310625377083
  },
  "ANZ.AX": {
    "latest": 36.84,
    "mean": 28.556390625,
    "min": 22.68,
    "max": 37.12,
    "sd": 3.061370698134852
  },
  "BHP.AX": {
    "latest": 42.34,
    "mean": 42.55137499999999,
    "min": 34.16,
    "max": 50.72,
    "sd": 2.997455673806024
  },
  "RIO.AX": {
    "latest": 127.84,
    "mean": 118.591046875,
    "min": 101.83,
    "max": 136.57,
    "sd": 7.2159390387275195
  },
  "FMG.AX": {
    "latest": 19.97,
    "mean": 20.749390625,
    "min": 14.2,
    "max": 29.88,
    "sd": 3.6674083463160625
  },
  "ORG.AX": {
    "latest": 11.94,
    "mean": 9.988781249999999,
    "min": 7.8,
    "max": 13.07,
    "sd": 1.3160334540694802
  },
  "AGL.AX": {
    "latest": 8.87,
    "mean": 10.210843749999999,
    "min": 7.84,
    "max": 12.28,
    "sd": 1.0410608712635667
  }
}